image,latency_ms
n01694178_999.JPEG,826.512
n01729322_10113.JPEG,842.972
n01729322_2358.JPEG,837.594
n01729322_7035.JPEG,816.906
n01729322_7119.JPEG,831.432
n01742172_10565.JPEG,881.261
n01742172_1270.JPEG,818.340
n01742172_1307.JPEG,838.751
n01742172_1309.JPEG,816.477
n01742172_1543.JPEG,815.907
n01742172_1688.JPEG,864.900
n01742172_17103.JPEG,831.726
n01742172_1713.JPEG,835.379
n01742172_1740.JPEG,830.206
n01742172_1842.JPEG,814.929
n01742172_2074.JPEG,826.179
n01742172_21585.JPEG,825.365
n01742172_21614.JPEG,861.340
n01742172_21789.JPEG,865.021
n01742172_21901.JPEG,822.909
n01742172_22357.JPEG,832.265
n01742172_23665.JPEG,819.900
n01742172_2378.JPEG,824.057
n01742172_24820.JPEG,838.607
n01742172_27602.JPEG,827.089
n01742172_2815.JPEG,877.163
n01742172_29106.JPEG,837.429
n01742172_2939.JPEG,838.398
n01742172_30324.JPEG,860.699
n01742172_3037.JPEG,822.995
n01742172_305.JPEG,820.978
n01742172_3927.JPEG,818.964
n01742172_3944.JPEG,831.054
n01742172_4176.JPEG,835.387
n01742172_4208.JPEG,820.128
n01742172_4258.JPEG,821.305
n01742172_4285.JPEG,819.020
n01742172_4635.JPEG,816.295
n01742172_4846.JPEG,823.565
n01742172_4912.JPEG,1006.338
n01742172_5028.JPEG,820.724
n01742172_5086.JPEG,824.092
n01742172_5419.JPEG,828.499
n01742172_5517.JPEG,838.038
n01742172_6567.JPEG,822.880
n01742172_6638.JPEG,827.301
n01742172_6777.JPEG,817.573
n01742172_7306.JPEG,822.367
n01742172_760.JPEG,831.780
n01742172_8412.JPEG,845.595
n01742172_8447.JPEG,826.465
n01742172_8697.JPEG,830.348
n01742172_8887.JPEG,814.341
n01742172_9230.JPEG,818.800
n01742172_9446.JPEG,842.392
n01744401_11646.JPEG,806.837
n01744401_12113.JPEG,834.334
n01744401_12140.JPEG,816.975
n01744401_14.JPEG,816.880
n01744401_14224.JPEG,813.358
n01744401_2313.JPEG,833.260
n01744401_2506.JPEG,822.846
n01744401_2653.JPEG,816.081
n01744401_299.JPEG,1147.619
n01744401_3430.JPEG,813.127
n01744401_376.JPEG,853.939
n01744401_3828.JPEG,815.969
n01744401_4078.JPEG,816.335
n01744401_45.JPEG,835.724
n01744401_8186.JPEG,832.356
n01744401_8671.JPEG,811.910
n01774750_10010.JPEG,818.458
n01774750_1103.JPEG,813.551
n01774750_13131.JPEG,826.507
n01774750_19.JPEG,836.498
n01774750_240.JPEG,826.488
n01774750_3343.JPEG,837.871
n01774750_4790.JPEG,842.925
n01774750_4932.JPEG,845.934
n01774750_5319.JPEG,855.369
n01774750_6942.JPEG,834.366
n01774750_7389.JPEG,834.177
n01774750_8622.JPEG,835.926
n01774750_9685.JPEG,827.807
n01796340_16513.JPEG,900.119
n01796340_17899.JPEG,836.183
n01820546_15031.JPEG,838.161
n01820546_16211.JPEG,837.420
n01820546_17794.JPEG,830.410
n01820546_18704.JPEG,897.941
n01820546_3298.JPEG,867.319
n01820546_3782.JPEG,841.125
n01820546_4307.JPEG,859.582
n01820546_439.JPEG,869.785
n01820546_4570.JPEG,879.956
n01820546_6582.JPEG,810.246
n01820546_6916.JPEG,828.478
n01820546_9467.JPEG,839.382
n01871265_1008.JPEG,850.977
n01871265_1132.JPEG,813.156
n01871265_1241.JPEG,835.555
n01871265_12597.JPEG,844.580
n01871265_1375.JPEG,817.717
n01871265_1526.JPEG,838.246
n01871265_1663.JPEG,834.509
n01871265_16945.JPEG,821.460
n01871265_1817.JPEG,817.391
n01871265_1956.JPEG,829.552
n01871265_2096.JPEG,827.109
n01871265_2283.JPEG,860.825
n01871265_246.JPEG,839.589
n01871265_2496.JPEG,871.334
n01871265_2973.JPEG,854.299
n01871265_3192.JPEG,842.368
n01871265_3409.JPEG,844.115
n01871265_3487.JPEG,837.917
n01871265_3737.JPEG,838.759
n01871265_3766.JPEG,825.111
n01871265_4565.JPEG,857.872
n01871265_4987.JPEG,831.810
n01871265_5397.JPEG,825.290
n01871265_6535.JPEG,823.701
n01871265_7041.JPEG,839.860
n01871265_7197.JPEG,816.505
n01871265_7283.JPEG,825.908
n01871265_75.JPEG,816.819
n01871265_8112.JPEG,838.400
n01871265_945.JPEG,828.846
n01871265_9572.JPEG,819.283
n01872401_1120.JPEG,841.388
n01872401_1283.JPEG,842.843
n01872401_13216.JPEG,832.332
n01872401_14607.JPEG,834.482
n01872401_1557.JPEG,847.253
n01872401_16883.JPEG,893.565
n01872401_17066.JPEG,832.727
n01872401_1936.JPEG,835.928
n01872401_2391.JPEG,825.862
n01872401_2591.JPEG,832.374
n01872401_2958.JPEG,847.450
n01872401_30058.JPEG,834.226
n01872401_3150.JPEG,812.217
n01872401_3285.JPEG,821.073
n01872401_3443.JPEG,824.875
n01872401_4868.JPEG,833.334
n01872401_5655.JPEG,853.796
n01872401_7848.JPEG,845.653
n01872401_9683.JPEG,830.024
n01873310_13627.JPEG,851.908
n01873310_13765.JPEG,846.205
n01873310_14420.JPEG,834.196
n01873310_14808.JPEG,821.230
n01873310_15954.JPEG,836.702
n01873310_1619.JPEG,813.298
n01873310_22748.JPEG,916.350
n01873310_3143.JPEG,849.630
n01873310_4811.JPEG,811.749
n01873310_5489.JPEG,847.786
n01877812_1005.JPEG,834.565
n01877812_10071.JPEG,852.124
n01877812_10072.JPEG,848.299
n01877812_10218.JPEG,827.256
n01877812_10911.JPEG,835.509
n01877812_10915.JPEG,843.137
n01877812_10973.JPEG,893.167
n01877812_1099.JPEG,864.752
n01877812_11056.JPEG,843.118
n01877812_1111.JPEG,862.448
n01877812_11177.JPEG,831.107
n01877812_11279.JPEG,854.936
n01877812_11303.JPEG,846.756
n01877812_11325.JPEG,839.767
n01877812_11408.JPEG,839.159
n01877812_11441.JPEG,854.191
n01877812_11468.JPEG,854.301
n01877812_11580.JPEG,860.730
n01877812_11639.JPEG,858.675
n01877812_11660.JPEG,860.618
n01877812_11698.JPEG,866.812
n01877812_11749.JPEG,834.988
n01877812_11766.JPEG,837.605
n01877812_11875.JPEG,832.636
n01877812_11959.JPEG,845.374
n01877812_12076.JPEG,857.803
n01877812_12143.JPEG,852.209
n01877812_1217.JPEG,839.619
n01877812_1268.JPEG,840.257
n01877812_1270.JPEG,844.518
n01877812_1438.JPEG,861.251
n01877812_1565.JPEG,834.940
n01877812_1630.JPEG,844.142
n01877812_1846.JPEG,841.029
n01877812_1862.JPEG,843.345
n01877812_1962.JPEG,850.087
n01877812_1963.JPEG,845.685
n01877812_2050.JPEG,834.458
n01877812_2092.JPEG,833.239
n01877812_21558.JPEG,844.772
n01877812_2160.JPEG,852.249
n01877812_2172.JPEG,828.839
n01877812_22.JPEG,831.814
n01877812_2203.JPEG,834.010
n01877812_2241.JPEG,827.789
n01877812_2245.JPEG,848.831
n01877812_2307.JPEG,818.595
n01877812_2598.JPEG,821.937
n01877812_2638.JPEG,821.314
n01877812_2661.JPEG,829.333
n01877812_2687.JPEG,843.409
n01877812_2697.JPEG,835.017
n01877812_2822.JPEG,823.161
n01877812_2830.JPEG,830.594
n01877812_3006.JPEG,826.491
n01877812_3119.JPEG,848.166
n01877812_3139.JPEG,848.824
n01877812_3163.JPEG,857.238
n01877812_3304.JPEG,836.875
n01877812_3336.JPEG,841.775
n01877812_3348.JPEG,894.358
n01877812_3448.JPEG,824.740
n01877812_348.JPEG,825.384
n01877812_357.JPEG,871.960
n01877812_3607.JPEG,848.658
n01877812_3675.JPEG,857.731
n01877812_37.JPEG,826.815
n01877812_3773.JPEG,819.386
n01877812_3793.JPEG,825.396
n01877812_3900.JPEG,818.142
n01877812_398.JPEG,854.135
n01877812_4033.JPEG,834.114
n01877812_4048.JPEG,828.268
n01877812_4277.JPEG,854.537
n01877812_4345.JPEG,834.116
n01877812_4396.JPEG,856.337
n01877812_4422.JPEG,846.411
n01877812_4462.JPEG,830.523
n01877812_459.JPEG,826.242
n01877812_469.JPEG,837.257
n01877812_4734.JPEG,859.552
n01877812_4803.JPEG,842.817
n01877812_495.JPEG,827.196
n01877812_4963.JPEG,843.659
n01877812_5036.JPEG,822.898
n01877812_5140.JPEG,856.626
n01877812_5387.JPEG,826.212
n01877812_5408.JPEG,816.861
n01877812_5412.JPEG,841.457
n01877812_5440.JPEG,862.112
n01877812_5456.JPEG,848.506
n01877812_5476.JPEG,834.920
n01877812_5575.JPEG,835.845
n01877812_5803.JPEG,840.524
n01877812_581.JPEG,828.609
n01877812_5846.JPEG,866.092
n01877812_5930.JPEG,840.677
n01877812_5942.JPEG,837.289
n01877812_6206.JPEG,833.977
n01877812_6228.JPEG,833.561
n01877812_6282.JPEG,859.132
n01877812_6283.JPEG,838.084
n01877812_6304.JPEG,833.658
n01877812_6383.JPEG,831.436
n01877812_6500.JPEG,832.920
n01877812_6536.JPEG,838.152
n01877812_6622.JPEG,852.528
n01877812_664.JPEG,819.610
n01877812_6723.JPEG,816.879
n01877812_6725.JPEG,840.052
n01877812_6752.JPEG,824.541
n01877812_6801.JPEG,839.524
n01877812_6844.JPEG,817.291
n01877812_6902.JPEG,831.590
n01877812_6934.JPEG,815.487
n01877812_6977.JPEG,827.654
n01877812_702.JPEG,839.389
n01877812_7086.JPEG,847.980
n01877812_7127.JPEG,831.156
n01877812_7133.JPEG,814.771
n01877812_7319.JPEG,826.875
n01877812_736.JPEG,846.632
n01877812_7438.JPEG,846.426
n01877812_7508.JPEG,828.352
n01877812_775.JPEG,835.575
n01877812_7757.JPEG,835.941
n01877812_7856.JPEG,882.476
n01877812_7931.JPEG,835.405
n01877812_7952.JPEG,834.548
n01877812_7980.JPEG,841.621
n01877812_813.JPEG,836.122
n01877812_82.JPEG,863.383
n01877812_8242.JPEG,836.308
n01877812_8500.JPEG,836.313
n01877812_8558.JPEG,833.308
n01877812_8609.JPEG,837.190
n01877812_8622.JPEG,825.868
n01877812_8672.JPEG,848.673
n01877812_8716.JPEG,831.020
n01877812_8927.JPEG,835.353
n01877812_8981.JPEG,871.765
n01877812_9036.JPEG,868.370
n01877812_9140.JPEG,845.434
n01877812_9198.JPEG,848.286
n01877812_9241.JPEG,860.302
n01877812_9314.JPEG,876.315
n01877812_9429.JPEG,849.889
n01877812_9479.JPEG,844.502
n01877812_9554.JPEG,834.332
n01877812_9555.JPEG,839.218
n01877812_9564.JPEG,857.925
n01877812_9758.JPEG,853.289
n01877812_9773.JPEG,840.959
n01877812_98.JPEG,854.607
n01877812_987.JPEG,859.511
n01877812_9884.JPEG,853.797
n01877812_9999.JPEG,851.063
n01882714_10528.JPEG,836.021
n01882714_11133.JPEG,840.773
n01882714_11372.JPEG,844.115
n01882714_12384.JPEG,850.150
n01882714_1243.JPEG,840.586
n01882714_12531.JPEG,828.421
n01882714_12611.JPEG,839.515
n01882714_12888.JPEG,878.112
n01882714_13111.JPEG,849.340
n01882714_13386.JPEG,833.899
n01882714_13428.JPEG,832.602
n01882714_13745.JPEG,852.393
n01882714_14118.JPEG,854.067
n01882714_14161.JPEG,857.170
n01882714_14184.JPEG,835.136
n01882714_14768.JPEG,837.435
n01882714_14842.JPEG,835.809
n01882714_15168.JPEG,849.661
n01882714_15733.JPEG,867.175
n01882714_15799.JPEG,838.260
n01882714_15829.JPEG,828.581
n01882714_15839.JPEG,878.235
n01882714_15891.JPEG,854.715
n01882714_16307.JPEG,834.446
n01882714_16732.JPEG,818.492
n01882714_16965.JPEG,861.671
n01882714_1723.JPEG,831.638
n01882714_17415.JPEG,855.758
n01882714_17709.JPEG,834.365
n01882714_179.JPEG,844.425
n01882714_18714.JPEG,830.017
n01882714_1873.JPEG,837.772
n01882714_19654.JPEG,851.185
n01882714_21327.JPEG,844.672
n01882714_2157.JPEG,830.937
n01882714_21744.JPEG,827.923
n01882714_21872.JPEG,845.087
n01882714_2288.JPEG,873.765
n01882714_23158.JPEG,830.486
n01882714_23450.JPEG,835.818
n01882714_23726.JPEG,835.657
n01882714_24264.JPEG,839.519
n01882714_2497.JPEG,826.737
n01882714_25060.JPEG,832.803
n01882714_25258.JPEG,848.156
n01882714_26876.JPEG,834.892
n01882714_27627.JPEG,836.990
n01882714_27653.JPEG,865.678
n01882714_29096.JPEG,835.891
n01882714_29778.JPEG,838.347
n01882714_2990.JPEG,847.393
n01882714_30254.JPEG,831.203
n01882714_30712.JPEG,874.822
n01882714_30887.JPEG,838.426
n01882714_31384.JPEG,838.626
n01882714_3160.JPEG,840.279
n01882714_3335.JPEG,840.362
n01882714_3378.JPEG,849.627
n01882714_3433.JPEG,835.621
n01882714_3585.JPEG,827.646
n01882714_3911.JPEG,840.757
n01882714_4108.JPEG,837.841
n01882714_4411.JPEG,863.824
n01882714_4428.JPEG,851.787
n01882714_44977.JPEG,841.511
n01882714_4913.JPEG,829.131
n01882714_504.JPEG,843.693
n01882714_5489.JPEG,862.267
n01882714_5536.JPEG,837.465
n01882714_5761.JPEG,819.925
n01882714_5939.JPEG,852.245
n01882714_63879.JPEG,855.034
n01882714_6497.JPEG,846.923
n01882714_6560.JPEG,827.998
n01882714_6582.JPEG,855.674
n01882714_6663.JPEG,840.197
n01882714_6794.JPEG,854.179
n01882714_6851.JPEG,886.367
n01882714_7021.JPEG,841.127
n01882714_7166.JPEG,847.303
n01882714_7261.JPEG,841.548
n01882714_8344.JPEG,849.263
n01882714_8577.JPEG,829.714
n01882714_8949.JPEG,830.745
n01882714_8989.JPEG,849.029
n01882714_9021.JPEG,836.191
n01882714_9276.JPEG,913.869
n01882714_9407.JPEG,834.812
n01882714_9670.JPEG,848.816
n01882714_9673.JPEG,873.643
n01883070_1012.JPEG,872.905
n01883070_1034.JPEG,841.849
n01883070_1042.JPEG,831.371
n01883070_1061.JPEG,834.496
n01883070_1093.JPEG,845.755
n01883070_1135.JPEG,860.007
n01883070_1158.JPEG,837.457
n01883070_1159.JPEG,843.292
n01883070_1166.JPEG,834.029
n01883070_1170.JPEG,852.416
n01883070_1175.JPEG,839.398
n01883070_1185.JPEG,834.615
n01883070_1193.JPEG,832.985
n01883070_1227.JPEG,872.502
n01883070_1243.JPEG,857.523
n01883070_1271.JPEG,846.108
n01883070_1299.JPEG,836.986
n01883070_13469.JPEG,836.703
n01883070_1347.JPEG,828.226
n01883070_1364.JPEG,836.779
n01883070_1366.JPEG,876.423
n01883070_1369.JPEG,831.469
n01883070_1384.JPEG,832.090
n01883070_1395.JPEG,830.088
n01883070_1428.JPEG,825.734
n01883070_1434.JPEG,861.327
n01883070_14740.JPEG,828.119
n01883070_1483.JPEG,823.461
n01883070_1551.JPEG,827.268
n01883070_1588.JPEG,882.702
n01883070_16331.JPEG,847.577
n01883070_1672.JPEG,821.537
n01883070_16843.JPEG,840.360
n01883070_17326.JPEG,844.007
n01883070_1743.JPEG,830.941
n01883070_1748.JPEG,847.478
n01883070_1760.JPEG,812.871
n01883070_1783.JPEG,830.981
n01883070_1818.JPEG,817.007
n01883070_1823.JPEG,834.349
n01883070_1829.JPEG,835.864
n01883070_1874.JPEG,854.657
n01883070_1907.JPEG,822.756
n01883070_1920.JPEG,826.489
n01883070_1934.JPEG,834.151
n01883070_19470.JPEG,842.664
n01883070_1969.JPEG,836.515
n01883070_2.JPEG,834.766
n01883070_20062.JPEG,821.116
n01883070_2021.JPEG,819.990
n01883070_2029.JPEG,820.130
n01883070_2041.JPEG,839.045
n01883070_2082.JPEG,829.287
n01883070_2197.JPEG,815.686
n01883070_2261.JPEG,830.105
n01883070_22698.JPEG,832.899
n01883070_23083.JPEG,864.088
n01883070_2361.JPEG,831.105
n01883070_2451.JPEG,818.936
n01883070_2461.JPEG,839.148
n01883070_24618.JPEG,833.449
n01883070_2495.JPEG,835.934
n01883070_2614.JPEG,841.037
n01883070_26538.JPEG,823.989
n01883070_27782.JPEG,818.404
n01883070_27915.JPEG,822.264
n01883070_2951.JPEG,814.888
n01883070_2974.JPEG,851.776
n01883070_3049.JPEG,831.093
n01883070_3173.JPEG,825.426
n01883070_3412.JPEG,815.673
n01883070_361.JPEG,823.422
n01883070_3827.JPEG,822.584
n01883070_3934.JPEG,863.938
n01883070_4178.JPEG,829.871
n01883070_4191.JPEG,823.493
n01883070_4218.JPEG,821.946
n01883070_4223.JPEG,816.420
n01883070_423.JPEG,832.055
n01883070_4264.JPEG,836.643
n01883070_4270.JPEG,824.480
n01883070_4417.JPEG,837.578
n01883070_4431.JPEG,822.189
n01883070_4500.JPEG,837.237
n01883070_4506.JPEG,831.024
n01883070_4527.JPEG,818.977
n01883070_4713.JPEG,817.839
n01883070_4762.JPEG,836.096
n01883070_4823.JPEG,823.819
n01883070_4904.JPEG,835.550
n01883070_524.JPEG,821.492
n01883070_5410.JPEG,831.996
n01883070_5442.JPEG,815.957
n01883070_5610.JPEG,828.404
n01883070_5672.JPEG,836.545
n01883070_5674.JPEG,847.082
n01883070_5733.JPEG,829.270
n01883070_5758.JPEG,821.978
n01883070_5854.JPEG,816.167
n01883070_5891.JPEG,825.076
n01883070_5962.JPEG,839.585
n01883070_6003.JPEG,819.239
n01883070_6012.JPEG,829.439
n01883070_6027.JPEG,823.501
n01883070_6113.JPEG,821.233
n01883070_62.JPEG,847.456
n01883070_6233.JPEG,839.428
n01883070_6288.JPEG,828.228
n01883070_6299.JPEG,828.994
n01883070_6304.JPEG,834.833
n01883070_6314.JPEG,858.455
n01883070_6332.JPEG,844.798
n01883070_6353.JPEG,827.585
n01883070_6376.JPEG,826.401
n01883070_6434.JPEG,831.380
n01883070_66.JPEG,822.828
n01883070_661.JPEG,854.693
n01883070_6811.JPEG,822.242
n01883070_6814.JPEG,828.312
n01883070_7067.JPEG,831.610
n01883070_7417.JPEG,816.311
n01883070_7524.JPEG,843.063
n01883070_7675.JPEG,828.636
n01883070_7718.JPEG,824.058
n01883070_7736.JPEG,826.738
n01883070_7889.JPEG,829.696
n01883070_7923.JPEG,839.281
n01883070_8053.JPEG,844.678
n01883070_8105.JPEG,821.779
n01883070_8135.JPEG,825.918
n01883070_8154.JPEG,820.821
n01883070_8167.JPEG,821.272
n01883070_8187.JPEG,868.186
n01883070_8212.JPEG,827.167
n01883070_8287.JPEG,834.453
n01883070_835.JPEG,847.083
n01883070_8441.JPEG,838.955
n01883070_8728.JPEG,860.028
n01883070_8750.JPEG,845.202
n01883070_9012.JPEG,835.980
n01883070_9096.JPEG,823.421
n01883070_9324.JPEG,843.885
n01943899_10768.JPEG,843.410
n01943899_1125.JPEG,818.150
n01943899_11982.JPEG,823.078
n01943899_1207.JPEG,818.109
n01943899_12099.JPEG,831.422
n01943899_1236.JPEG,849.317
n01943899_12996.JPEG,828.568
n01943899_13006.JPEG,822.989
n01943899_13637.JPEG,837.162
n01943899_13809.JPEG,846.652
n01943899_13961.JPEG,836.999
n01943899_13985.JPEG,838.744
n01943899_14069.JPEG,826.135
n01943899_14147.JPEG,826.788
n01943899_14169.JPEG,823.599
n01943899_14275.JPEG,822.345
n01943899_14348.JPEG,857.064
n01943899_14454.JPEG,819.426
n01943899_14469.JPEG,824.410
n01943899_14521.JPEG,851.005
n01943899_14612.JPEG,822.242
n01943899_14637.JPEG,838.340
n01943899_14745.JPEG,835.999
n01943899_14873.JPEG,821.438
n01943899_15153.JPEG,820.341
n01943899_15209.JPEG,838.601
n01943899_15254.JPEG,840.843
n01943899_15375.JPEG,839.542
n01943899_15448.JPEG,815.577
n01943899_15545.JPEG,828.377
n01943899_15569.JPEG,828.715
n01943899_15799.JPEG,825.800
n01943899_15878.JPEG,844.967
n01943899_16028.JPEG,825.141
n01943899_16122.JPEG,823.747
n01943899_16128.JPEG,822.975
n01943899_16223.JPEG,829.070
n01943899_16308.JPEG,846.209
n01943899_16516.JPEG,842.416
n01943899_18758.JPEG,825.018
n01943899_19571.JPEG,832.224
n01943899_19724.JPEG,834.555
n01943899_19756.JPEG,845.975
n01943899_19766.JPEG,852.283
n01943899_19785.JPEG,840.084
n01943899_19821.JPEG,842.188
n01943899_20062.JPEG,834.941
n01943899_20262.JPEG,858.154
n01943899_20289.JPEG,841.150
n01943899_20708.JPEG,835.270
n01943899_20828.JPEG,834.252
n01943899_21619.JPEG,833.358
n01943899_21892.JPEG,851.115
n01943899_21997.JPEG,849.104
n01943899_23713.JPEG,832.570
n01943899_23819.JPEG,832.977
n01943899_23823.JPEG,836.019
n01943899_23997.JPEG,868.615
n01943899_24009.JPEG,845.355
n01943899_24414.JPEG,832.489
n01943899_24703.JPEG,823.392
n01943899_24896.JPEG,832.922
n01943899_24917.JPEG,874.372
n01943899_24949.JPEG,842.286
n01943899_25792.JPEG,840.845
n01943899_32445.JPEG,829.168
n01943899_4339.JPEG,835.677
n01943899_450.JPEG,841.226
n01943899_5180.JPEG,833.565
n01943899_592.JPEG,820.736
n01943899_7784.JPEG,833.356
n01943899_8231.JPEG,823.204
n01943899_8498.JPEG,835.477
n01943899_8892.JPEG,848.238
n01943899_9013.JPEG,821.710
n01943899_9154.JPEG,832.604
n01943899_9608.JPEG,825.246
n01943899_9834.JPEG,828.094
n01943899_9868.JPEG,850.114
n01943899_9984.JPEG,827.465
n01978287_10168.JPEG,828.764
n01978287_11081.JPEG,830.470
n01978287_11116.JPEG,820.510
n01978287_11133.JPEG,865.146
n01978287_11490.JPEG,828.081
n01978287_11925.JPEG,816.939
n01978287_12062.JPEG,815.170
n01978287_12335.JPEG,828.412
n01978287_12389.JPEG,829.393
n01978287_12486.JPEG,839.769
n01978287_12706.JPEG,814.430
n01978287_13031.JPEG,823.832
n01978287_1308.JPEG,836.100
n01978287_13123.JPEG,829.004
n01978287_1359.JPEG,848.810
n01978287_140.JPEG,826.703
n01978287_148.JPEG,825.835
n01978287_1513.JPEG,830.593
n01978287_1623.JPEG,839.607
n01978287_1707.JPEG,850.500
n01978287_172.JPEG,845.097
n01978287_2208.JPEG,841.667
n01978287_2214.JPEG,826.842
n01978287_2236.JPEG,837.986
n01978287_2264.JPEG,859.027
n01978287_2266.JPEG,841.004
n01978287_2310.JPEG,844.164
n01978287_317.JPEG,841.641
n01978287_3322.JPEG,844.808
n01978287_34.JPEG,861.098
n01978287_3413.JPEG,832.809
n01978287_3448.JPEG,843.407
n01978287_3554.JPEG,831.028
n01978287_3572.JPEG,832.427
n01978287_3585.JPEG,847.394
n01978287_3588.JPEG,822.939
n01978287_3611.JPEG,830.247
n01978287_3749.JPEG,829.983
n01978287_3757.JPEG,838.683
n01978287_3830.JPEG,847.403
n01978287_3831.JPEG,837.570
n01978287_3860.JPEG,818.810
n01978287_3870.JPEG,827.502
n01978287_3879.JPEG,833.474
n01978287_3919.JPEG,840.957
n01978287_393.JPEG,838.633
n01978287_3939.JPEG,823.052
n01978287_3957.JPEG,843.906
n01978287_4007.JPEG,824.717
n01978287_4113.JPEG,821.991
n01978287_4186.JPEG,837.879
n01978287_423.JPEG,841.974
n01978287_4291.JPEG,818.908
n01978287_433.JPEG,835.521
n01978287_4336.JPEG,820.347
n01978287_4348.JPEG,841.010
n01978287_4494.JPEG,832.606
n01978287_4592.JPEG,831.737
n01978287_4610.JPEG,819.694
n01978287_468.JPEG,829.132
n01978287_4741.JPEG,827.125
n01978287_4923.JPEG,830.477
n01978287_4964.JPEG,822.706
n01978287_5181.JPEG,826.320
n01978287_5296.JPEG,815.332
n01978287_5419.JPEG,834.423
n01978287_546.JPEG,859.672
n01978287_5542.JPEG,825.093
n01978287_5546.JPEG,818.599
n01978287_5569.JPEG,826.758
n01978287_5592.JPEG,820.053
n01978287_5601.JPEG,826.621
n01978287_5657.JPEG,837.633
n01978287_5761.JPEG,826.519
n01978287_5778.JPEG,844.887
n01978287_5938.JPEG,835.411
n01978287_5955.JPEG,838.870
n01978287_6003.JPEG,847.159
n01978287_6043.JPEG,832.422
n01978287_6091.JPEG,833.003
n01978287_614.JPEG,822.618
n01978287_6144.JPEG,824.777
n01978287_6155.JPEG,841.018
n01978287_6214.JPEG,852.507
n01978287_6225.JPEG,844.025
n01978287_6265.JPEG,823.151
n01978287_6269.JPEG,828.601
n01978287_627.JPEG,845.320
n01978287_6642.JPEG,834.077
n01978287_666.JPEG,841.418
n01978287_6823.JPEG,817.770
n01978287_7213.JPEG,831.209
n01978287_7291.JPEG,861.499
n01978287_7316.JPEG,839.391
n01978287_7325.JPEG,828.626
n01978287_7420.JPEG,830.424
n01978287_7920.JPEG,816.734
n01978287_8060.JPEG,832.713
n01978287_8066.JPEG,842.406
n01978287_8119.JPEG,815.667
n01978287_8480.JPEG,818.333
n01978287_8793.JPEG,826.831
n01978287_8905.JPEG,833.422
n01978287_8944.JPEG,842.146
n01978287_8979.JPEG,835.760
n01978287_9352.JPEG,819.683
n01978287_9441.JPEG,828.587
n01978287_979.JPEG,826.051
n01981276_10116.JPEG,827.545
n01981276_10281.JPEG,831.438
n01981276_10341.JPEG,820.967
n01981276_10558.JPEG,820.850
n01981276_11337.JPEG,819.970
n01981276_11359.JPEG,825.431
n01981276_1152.JPEG,847.989
n01981276_11754.JPEG,832.189
n01981276_11776.JPEG,810.583
n01981276_11850.JPEG,825.999
n01981276_1197.JPEG,842.513
n01981276_12107.JPEG,828.701
n01981276_12326.JPEG,846.422
n01981276_12416.JPEG,820.663
n01981276_12452.JPEG,827.809
n01981276_12502.JPEG,823.050
n01981276_12547.JPEG,831.787
n01981276_12649.JPEG,841.045
n01981276_12677.JPEG,822.898
n01981276_12745.JPEG,834.719
n01981276_12961.JPEG,822.307
n01981276_12974.JPEG,841.368
n01981276_12988.JPEG,839.316
n01981276_13164.JPEG,835.116
n01981276_13205.JPEG,823.243
n01981276_13258.JPEG,878.682
n01981276_13327.JPEG,874.040
n01981276_13432.JPEG,842.945
n01981276_13468.JPEG,829.452
n01981276_13516.JPEG,818.138
n01981276_14084.JPEG,830.632
n01981276_14238.JPEG,834.337
n01981276_14366.JPEG,832.103
n01981276_14512.JPEG,841.217
n01981276_14549.JPEG,821.861
n01981276_14575.JPEG,842.103
n01981276_14597.JPEG,820.421
n01981276_14662.JPEG,819.433
n01981276_14681.JPEG,843.403
n01981276_14724.JPEG,824.645
n01981276_14758.JPEG,820.919
n01981276_14787.JPEG,813.030
n01981276_14842.JPEG,816.768
n01981276_14950.JPEG,832.273
n01981276_14983.JPEG,829.459
n01981276_15144.JPEG,815.933
n01981276_15299.JPEG,834.328
n01981276_15336.JPEG,821.308
n01981276_15366.JPEG,817.541
n01981276_15380.JPEG,842.334
n01981276_15416.JPEG,821.537
n01981276_15682.JPEG,820.798
n01981276_15823.JPEG,841.473
n01981276_15857.JPEG,830.592
n01981276_1611.JPEG,858.526
n01981276_16406.JPEG,841.804
n01981276_16499.JPEG,816.755
n01981276_16610.JPEG,843.696
n01981276_17111.JPEG,895.455
n01981276_1727.JPEG,844.832
n01981276_17295.JPEG,820.956
n01981276_17338.JPEG,839.485
n01981276_1744.JPEG,827.739
n01981276_17713.JPEG,822.332
n01981276_18424.JPEG,841.271
n01981276_1869.JPEG,853.778
n01981276_18801.JPEG,838.401
n01981276_18954.JPEG,826.286
n01981276_1918.JPEG,835.416
n01981276_19234.JPEG,841.288
n01981276_1963.JPEG,855.479
n01981276_19726.JPEG,822.305
n01981276_19921.JPEG,822.134
n01981276_19976.JPEG,814.513
n01981276_20227.JPEG,814.262
n01981276_20276.JPEG,831.157
n01981276_20310.JPEG,832.497
n01981276_20351.JPEG,820.330
n01981276_20402.JPEG,836.307
n01981276_20628.JPEG,822.630
n01981276_20808.JPEG,841.647
n01981276_21008.JPEG,843.870
n01981276_21034.JPEG,818.746
n01981276_21088.JPEG,830.003
n01981276_21123.JPEG,834.884
n01981276_21458.JPEG,819.503
n01981276_21629.JPEG,842.963
n01981276_2164.JPEG,813.902
n01981276_22032.JPEG,824.098
n01981276_23711.JPEG,812.897
n01981276_24.JPEG,821.187
n01981276_2540.JPEG,838.765
n01981276_2544.JPEG,839.008
n01981276_2569.JPEG,817.904
n01981276_26241.JPEG,827.240
n01981276_26507.JPEG,819.629
n01981276_27702.JPEG,837.979
n01981276_2802.JPEG,837.126
n01981276_29506.JPEG,817.501
n01981276_3047.JPEG,822.249
n01981276_3347.JPEG,836.940
n01981276_3437.JPEG,826.457
n01981276_4142.JPEG,845.684
n01981276_4376.JPEG,833.171
n01981276_4407.JPEG,829.119
n01981276_4707.JPEG,817.114
n01981276_4834.JPEG,837.196
n01981276_4946.JPEG,823.781
n01981276_5047.JPEG,838.616
n01981276_5197.JPEG,817.556
n01981276_5206.JPEG,829.067
n01981276_5332.JPEG,826.177
n01981276_5431.JPEG,817.249
n01981276_5660.JPEG,844.808
n01981276_5856.JPEG,839.986
n01981276_5932.JPEG,826.135
n01981276_596.JPEG,829.369
n01981276_6135.JPEG,835.612
n01981276_6295.JPEG,840.367
n01981276_667.JPEG,841.291
n01981276_6726.JPEG,826.149
n01981276_6875.JPEG,821.901
n01981276_7170.JPEG,824.282
n01981276_7354.JPEG,833.838
n01981276_7489.JPEG,846.377
n01981276_7569.JPEG,824.458
n01981276_7628.JPEG,881.661
n01981276_7692.JPEG,821.023
n01981276_7905.JPEG,818.665
n01981276_8228.JPEG,837.784
n01981276_825.JPEG,825.031
n01981276_8287.JPEG,822.199
n01981276_8436.JPEG,817.708
n01981276_858.JPEG,941.413
n01981276_8665.JPEG,833.888
n01981276_868.JPEG,822.335
n01981276_8983.JPEG,822.631
n01981276_9070.JPEG,824.835
n01981276_9076.JPEG,828.398
n01981276_9177.JPEG,837.775
n01981276_9178.JPEG,824.438
n01981276_9339.JPEG,833.206
n01981276_9485.JPEG,1045.045
n02328150_10460.JPEG,832.632
n02328150_10669.JPEG,810.941
n02328150_11022.JPEG,811.375
n02328150_11058.JPEG,829.924
n02328150_1244.JPEG,818.292
n02328150_12877.JPEG,831.702
n02328150_13799.JPEG,849.720
n02328150_14378.JPEG,832.526
n02328150_15740.JPEG,822.551
n02328150_15848.JPEG,820.647
n02328150_16158.JPEG,821.315
n02328150_1630.JPEG,850.904
n02328150_16634.JPEG,828.827
n02328150_16808.JPEG,823.440
n02328150_16815.JPEG,822.269
n02328150_1755.JPEG,832.679
n02328150_17691.JPEG,855.860
n02328150_18347.JPEG,835.218
n02328150_18589.JPEG,835.927
n02328150_18924.JPEG,828.092
n02328150_1916.JPEG,822.996
n02328150_1951.JPEG,826.796
n02328150_1963.JPEG,841.902
n02328150_20624.JPEG,822.920
n02328150_2100.JPEG,829.761
n02328150_21344.JPEG,816.160
n02328150_22395.JPEG,831.191
n02328150_241.JPEG,834.757
n02328150_242.JPEG,822.113
n02328150_2490.JPEG,824.544
n02328150_2515.JPEG,818.901
n02328150_2566.JPEG,831.117
n02328150_2670.JPEG,830.578
n02328150_2687.JPEG,833.959
n02328150_3084.JPEG,821.998
n02328150_3111.JPEG,818.080
n02328150_3229.JPEG,823.886
n02328150_3290.JPEG,814.141
n02328150_3381.JPEG,841.778
n02328150_347.JPEG,839.114
n02328150_3727.JPEG,832.354
n02328150_4063.JPEG,821.556
n02328150_4282.JPEG,826.816
n02328150_4573.JPEG,822.269
n02328150_4606.JPEG,830.518
n02328150_5212.JPEG,827.873
n02328150_5334.JPEG,830.922
n02328150_5390.JPEG,818.004
n02328150_5402.JPEG,818.813
n02328150_5524.JPEG,842.281
n02328150_5613.JPEG,836.165
n02328150_5640.JPEG,821.492
n02328150_5731.JPEG,821.353
n02328150_5783.JPEG,830.378
n02328150_5877.JPEG,828.144
n02328150_6298.JPEG,841.529
n02328150_6406.JPEG,819.626
n02328150_6768.JPEG,825.361
n02328150_6973.JPEG,824.488
n02328150_7188.JPEG,844.082
n02328150_721.JPEG,895.643
n02328150_7243.JPEG,830.417
n02328150_7342.JPEG,824.796
n02328150_7363.JPEG,829.232
n02328150_7391.JPEG,838.211
n02328150_7471.JPEG,845.375
n02328150_7495.JPEG,818.254
n02328150_7670.JPEG,828.969
n02328150_7742.JPEG,831.998
n02328150_7879.JPEG,836.812
n02328150_7902.JPEG,841.364
n02328150_7995.JPEG,828.153
n02328150_8904.JPEG,838.059
n02328150_9055.JPEG,824.599
n02328150_9102.JPEG,827.724
n02328150_9200.JPEG,861.580
n02328150_9443.JPEG,842.066
n02328150_9648.JPEG,832.917
n02328150_9681.JPEG,831.665
n02328150_9715.JPEG,823.754
n02328150_9887.JPEG,824.132
n04200800_1014.JPEG,842.670
n04200800_1699.JPEG,823.010
n04200800_1745.JPEG,829.820
n04200800_17936.JPEG,832.053
n04200800_18383.JPEG,832.220
n04200800_18565.JPEG,839.634
n04200800_18589.JPEG,818.912
n04200800_18591.JPEG,816.198
n04200800_18661.JPEG,815.035
n04200800_19143.JPEG,819.069
n04200800_19810.JPEG,832.208
n04200800_19928.JPEG,841.890
n04200800_20002.JPEG,843.418
n04200800_23683.JPEG,828.086
n04200800_23773.JPEG,820.709
n04200800_23817.JPEG,820.695
n04200800_23830.JPEG,832.134
n04200800_24206.JPEG,829.000
n04200800_24241.JPEG,828.595
n04200800_24253.JPEG,813.550
n04200800_3186.JPEG,824.704
n04200800_3207.JPEG,836.452
n04200800_3700.JPEG,841.072
n04200800_3827.JPEG,821.291
n04200800_4097.JPEG,828.891
n04200800_4651.JPEG,824.787
n04200800_4729.JPEG,831.991
n04200800_4869.JPEG,851.012
n04200800_4882.JPEG,816.795
n04200800_5099.JPEG,828.757
n04200800_5254.JPEG,822.478
n04200800_526.JPEG,833.449
n04200800_5386.JPEG,870.330
n04200800_543.JPEG,833.202
n04200800_5502.JPEG,823.753
n04200800_5595.JPEG,822.821
n04200800_5611.JPEG,830.300
n04200800_5747.JPEG,826.176
n04200800_605.JPEG,838.171
n04200800_638.JPEG,823.720
n04200800_891.JPEG,809.608
